tetriminoCannotMoveOutsideBounds,ColorTintFilter,15
tetriminoCannotMoveOutsideBounds,ColorTintFilter,16
tetriminoCannotMoveOutsideBounds,ColorTintFilter,17
tetriminoCannotMoveOutsideBounds,ColorTintFilter,18
tetriminoCannotMoveOutsideBounds,ColorTintFilter,25
tetriminoCannotMoveOutsideBounds,ColorTintFilter,27
tetriminoCannotMoveOutsideBounds,ColorTintFilter,28
tetriminoCannotMoveOutsideBounds,ColorTintFilter,29
tetriminoCannotMoveOutsideBounds,ColorTintFilter,31
tetriminoCannotMoveOutsideBounds,ColorTintFilter,32
tetriminoCannotMoveOutsideBounds,ColorTintFilter,33
tetriminoCannotMoveOutsideBounds,ColorTintFilter,35
tetriminoCannotMoveOutsideBounds,ColorTintFilter,36
tetriminoCannotMoveOutsideBounds,ColorTintFilter,37
tetriminoCannotMoveOutsideBounds,ColorTintFilter,39
tetriminoCannotMoveOutsideBounds,ColorTintFilter,40
tetriminoCannotMoveOutsideBounds,ColorTintFilter,41
tetriminoCannotMoveOutsideBounds,ColorTintFilter,43
tetriminoCannotMoveOutsideBounds,ColorTintFilter,45
tetriminoCannotMoveOutsideBounds,ColorTintFilter,49
tetriminoCannotMoveOutsideBounds,Constants,20
tetriminoCannotMoveOutsideBounds,Constants,22
tetriminoCannotMoveOutsideBounds,Constants,23
tetriminoCannotMoveOutsideBounds,Constants,24
tetriminoCannotMoveOutsideBounds,Constants,25
tetriminoCannotMoveOutsideBounds,Constants,26
tetriminoCannotMoveOutsideBounds,Constants,27
tetriminoCannotMoveOutsideBounds,Constants,28
tetriminoCannotMoveOutsideBounds,Constants,30
tetriminoCannotMoveOutsideBounds,Constants,35
tetriminoCannotMoveOutsideBounds,Constants,37
tetriminoCannotMoveOutsideBounds,Constants,64
tetriminoCannotMoveOutsideBounds,Constants,83
tetriminoCannotMoveOutsideBounds,Constants,102
tetriminoCannotMoveOutsideBounds,Constants,121
tetriminoCannotMoveOutsideBounds,Constants,140
tetriminoCannotMoveOutsideBounds,Constants,159
tetriminoCannotMoveOutsideBounds,Constants,179
tetriminoCannotMoveOutsideBounds,Constants,184
tetriminoCannotMoveOutsideBounds,Constants,186
tetriminoCannotMoveOutsideBounds,Constants,193
tetriminoCannotMoveOutsideBounds,Constants,200
tetriminoCannotMoveOutsideBounds,Constants,207
tetriminoCannotMoveOutsideBounds,Constants,208
tetriminoCannotMoveOutsideBounds,Constants,209
tetriminoCannotMoveOutsideBounds,Constants,210
tetriminoCannotMoveOutsideBounds,Constants,211
tetriminoCannotMoveOutsideBounds,Constants,212
tetriminoCannotMoveOutsideBounds,Constants,213
tetriminoCannotMoveOutsideBounds,Constants,215
tetriminoCannotMoveOutsideBounds,Constants,221
tetriminoCannotMoveOutsideBounds,Constants,223
tetriminoCannotMoveOutsideBounds,Constants,226
tetriminoCannotMoveOutsideBounds,Constants,230
tetriminoCannotMoveOutsideBounds,Constants,232
tetriminoCannotMoveOutsideBounds,Constants,234
tetriminoCannotMoveOutsideBounds,Constants,235
tetriminoCannotMoveOutsideBounds,Constants,236
tetriminoCannotMoveOutsideBounds,Constants,238
tetriminoCannotMoveOutsideBounds,Constants,239
tetriminoCannotMoveOutsideBounds,Constants,240
tetriminoCannotMoveOutsideBounds,Constants,242
tetriminoCannotMoveOutsideBounds,Constants,243
tetriminoCannotMoveOutsideBounds,Constants,245
tetriminoCannotMoveOutsideBounds,Constants,250
tetriminoCannotMoveOutsideBounds,Constants,252
tetriminoCannotMoveOutsideBounds,Constants,253
tetriminoCannotMoveOutsideBounds,Constants,254
tetriminoCannotMoveOutsideBounds,Constants,255
tetriminoCannotMoveOutsideBounds,Constants,256
tetriminoCannotMoveOutsideBounds,Constants,258
tetriminoCannotMoveOutsideBounds,Constants,264
tetriminoCannotMoveOutsideBounds,Constants,265
tetriminoCannotMoveOutsideBounds,Constants,268
tetriminoCannotMoveOutsideBounds,Constants,272
tetriminoCannotMoveOutsideBounds,Constants,274
tetriminoCannotMoveOutsideBounds,Constants,275
tetriminoCannotMoveOutsideBounds,Constants,276
tetriminoCannotMoveOutsideBounds,Block,6
tetriminoCannotMoveOutsideBounds,Block,7
tetriminoCannotMoveOutsideBounds,Block,8
tetriminoCannotMoveOutsideBounds,Tetrimino,11
tetriminoCannotMoveOutsideBounds,Tetrimino,12
tetriminoCannotMoveOutsideBounds,Tetrimino,14
tetriminoCannotMoveOutsideBounds,Tetrimino,15
tetriminoCannotMoveOutsideBounds,Tetrimino,16
tetriminoCannotMoveOutsideBounds,Tetrimino,31
tetriminoCannotMoveOutsideBounds,Tetrimino,32
tetriminoCannotMoveOutsideBounds,Tetrimino,33
tetriminoCannotMoveOutsideBounds,Tetrimino,34
tetriminoCannotMoveOutsideBounds,Tetrimino,35
tetriminoCannotMoveOutsideBounds,Tetrimino,37
tetriminoCannotMoveOutsideBounds,Tetrimino,38
tetriminoCannotMoveOutsideBounds,Tetrimino,39
tetriminoCannotMoveOutsideBounds,Tetrimino,40
tetriminoCannotMoveOutsideBounds,Tetrimino,49
tetriminoCannotMoveOutsideBounds,Tetrimino,50
tetriminoCannotMoveOutsideBounds,Tetrimino,52
tetriminoCannotMoveOutsideBounds,Tetrimino,55
tetriminoCannotMoveOutsideBounds,Tetrimino,59
tetriminoCannotMoveOutsideBounds,Tetrimino,63
tetriminoCannotMoveOutsideBounds,Tetrimino,67
tetriminoCannotMoveOutsideBounds,Tetrimino,68
tetriminoCannotMoveOutsideBounds,Tetrimino,71
tetriminoCannotMoveOutsideBounds,Tetrimino,72
tetriminoCannotMoveOutsideBounds,Tetrimino,75
tetriminoCannotMoveOutsideBounds,Tetrimino,77
tetriminoCannotMoveOutsideBounds,Tetrimino,78
tetriminoCannotMoveOutsideBounds,Tetrimino,80
tetriminoCannotMoveOutsideBounds,GameModel,28
tetriminoCannotMoveOutsideBounds,GameModel,40
tetriminoCannotMoveOutsideBounds,GameModel,41
tetriminoCannotMoveOutsideBounds,GameModel,42
tetriminoCannotMoveOutsideBounds,GameModel,43
tetriminoCannotMoveOutsideBounds,GameModel,45
tetriminoCannotMoveOutsideBounds,GameModel,46
tetriminoCannotMoveOutsideBounds,GameModel,55
tetriminoCannotMoveOutsideBounds,GameModel,71
tetriminoCannotMoveOutsideBounds,GameModel,217
tetriminoCannotMoveOutsideBounds,GameModel,219
tetriminoCannotMoveOutsideBounds,GameModel,221
tetriminoCannotMoveOutsideBounds,GameModel,222
tetriminoCannotMoveOutsideBounds,GameModel,225
tetriminoCannotMoveOutsideBounds,GameModel,226
tetriminoCannotMoveOutsideBounds,GameModel,234
tetriminoCannotMoveOutsideBounds,GameModel,236
tetriminoCannotMoveOutsideBounds,GameModel,237
tetriminoCannotMoveOutsideBounds,GameModel,239
tetriminoCannotMoveOutsideBounds,GameModel,241
tetriminoCannotMoveOutsideBounds,GameModel,248
tetriminoCannotMoveOutsideBounds,GameModel,250
tetriminoCannotMoveOutsideBounds,GameModel,251
tetriminoCannotMoveOutsideBounds,GameModel,252
tetriminoCannotMoveOutsideBounds,GameModel,254
tetriminoCannotMoveOutsideBounds,GameModel,255
tetriminoCannotMoveOutsideBounds,GameModel,256
tetriminoCannotMoveOutsideBounds,GameModel,258
tetriminoCannotMoveOutsideBounds,GameModel,261
tetriminoCannotMoveOutsideBounds,GameModel,263
tetriminoCannotMoveOutsideBounds,GameModel,267
tetriminoCannotMoveOutsideBounds,GameModel,268
tetriminoCannotMoveOutsideBounds,GameModel,316
tetriminoCannotMoveOutsideBounds,GameModel,317
tetriminoCannotMoveOutsideBounds,GameModel,318
tetriminoCannotMoveOutsideBounds,GameModel,319
tetriminoCannotMoveOutsideBounds,GameModel,320
tetriminoCannotMoveOutsideBounds,GameModel,321
tetriminoCannotMoveOutsideBounds,GameModel,322
tetriminoCannotMoveOutsideBounds,GameModel,323
tetriminoCannotMoveOutsideBounds,GameModel,324
tetriminoCannotMoveOutsideBounds,GameModel,325
tetriminoCannotMoveOutsideBounds,GameModel,326
tetriminoCannotMoveOutsideBounds,GameModel,327
tetriminoCannotMoveOutsideBounds,GameModel,328
tetriminoCannotMoveOutsideBounds,GameModel,329
tetriminoCannotMoveOutsideBounds,GameModel,331
tetriminoCannotMoveOutsideBounds,GameModel,332
tetriminoCannotMoveOutsideBounds,GameModel,334
tetriminoCannotMoveOutsideBounds,GameModel,335
tetriminoCannotMoveOutsideBounds,GameModel,344
tetriminoCannotMoveOutsideBounds,GameModel,346
tetriminoCannotMoveOutsideBounds,GameModel,347
tetriminoCannotMoveOutsideBounds,GameModel,349
tetriminoCannotMoveOutsideBounds,GameModel,350
tetriminoCannotMoveOutsideBounds,GameModel,352
tetriminoCannotMoveOutsideBounds,GameModel,355
tetriminoCannotMoveOutsideBounds,GameModel,357
tetriminoCannotMoveOutsideBounds,GameModel,364
tetriminoCannotMoveOutsideBounds,GameModel,368
tetriminoCannotMoveOutsideBounds,GameModel,369
tetriminoCannotMoveOutsideBounds,GameModel,370
tetriminoCannotMoveOutsideBounds,GameModel,372
tetriminoCannotMoveOutsideBounds,GameModel,373
tetriminoCannotMoveOutsideBounds,GameModel,381
tetriminoCannotMoveOutsideBounds,GameModel,382
tetriminoCannotMoveOutsideBounds,GameModel,385
tetriminoCannotMoveOutsideBounds,GameModel,388
tetriminoCannotMoveOutsideBounds,GameModel,389
tetriminoCannotMoveOutsideBounds,GameModel,391
tetriminoCannotMoveOutsideBounds,GameModel,392
tetriminoCannotMoveOutsideBounds,GameModel,395
tetriminoCannotMoveOutsideBounds,GameModel,411
tetriminoCannotMoveOutsideBounds,GameModel,433
tetriminoCannotMoveOutsideBounds,GameModel,436
tetriminoCannotMoveOutsideBounds,GameModel,440
tetriminoCannotMoveOutsideBounds,GameModel,458
tetriminoCannotMoveOutsideBounds,GameModel,461
tetriminoCannotMoveOutsideBounds,GameModel,463
tetriminoCannotMoveOutsideBounds,GameModel,465
tetriminoCannotMoveOutsideBounds,GameModel,474
tetriminoCannotMoveOutsideBounds,GameModel,477
tetriminoCannotMoveOutsideBounds,GameModel,482
tetriminoCannotMoveOutsideBounds,GameModel,483
tetriminoCannotMoveOutsideBounds,GameModel,485
tetriminoCannotMoveOutsideBounds,GameModel,486
tetriminoCannotMoveOutsideBounds,GameModel,494
tetriminoCannotMoveOutsideBounds,GameModel,496
tetriminoCannotMoveOutsideBounds,GameModel,498
tetriminoCannotMoveOutsideBounds,GameModel,499
tetriminoCannotMoveOutsideBounds,GameModel,500
tetriminoCannotMoveOutsideBounds,GameModel,503
tetriminoCannotMoveOutsideBounds,GameModel,511
tetriminoCannotMoveOutsideBounds,GameModel,513
tetriminoCannotMoveOutsideBounds,GameModel,515
tetriminoCannotMoveOutsideBounds,GameModel,517
tetriminoCannotMoveOutsideBounds,GameModel,518
tetriminoCannotMoveOutsideBounds,GameModel,519
tetriminoCannotMoveOutsideBounds,GameModel,520
tetriminoCannotMoveOutsideBounds,GameModel,525
tetriminoCannotMoveOutsideBounds,GameModel,526
tetriminoCannotMoveOutsideBounds,GameModel,544
tetriminoCannotMoveOutsideBounds,GameModel,548
tetriminoCannotMoveOutsideBounds,GameModel,556
tetriminoCannotMoveOutsideBounds,GameModel,564
tetriminoCannotMoveOutsideBounds,GameModel,566
tetriminoCannotMoveOutsideBounds,GameModel,567
tetriminoCannotMoveOutsideBounds,GameModel,569
tetriminoCannotMoveOutsideBounds,GameModel,571
tetriminoCannotMoveOutsideBounds,GameModel,574
tetriminoCannotMoveOutsideBounds,GameModel,581
tetriminoCannotMoveOutsideBounds,GameModel,582
tetriminoCannotMoveOutsideBounds,GameModel,583
tetriminoCannotMoveOutsideBounds,GameModel,584
tetriminoCannotMoveOutsideBounds,GameModel,586
tetriminoCannotMoveOutsideBounds,GameModel,587
tetriminoCannotMoveOutsideBounds,GameModel,589
tetriminoCannotMoveOutsideBounds,GameModel,591
tetriminoCannotMoveOutsideBounds,GameModel,592
tetriminoCannotMoveOutsideBounds,GameModel,593
tetriminoCannotMoveOutsideBounds,GameModel,594
tetriminoCannotMoveOutsideBounds,GameModel,595
tetriminoCannotMoveOutsideBounds,GameModel,597
tetriminoCannotMoveOutsideBounds,GameModel,599
tetriminoCannotMoveOutsideBounds,GameModel,600
tetriminoCannotMoveOutsideBounds,GameModel,606
tetriminoCannotMoveOutsideBounds,GameModel,609
tetriminoCannotMoveOutsideBounds,GameModel,618
tetriminoCannotMoveOutsideBounds,GameModel,619
tetriminoCannotMoveOutsideBounds,GameModel,621
tetriminoCannotMoveOutsideBounds,GameModel,622
tetriminoCannotMoveOutsideBounds,GameModel,623
tetriminoCannotMoveOutsideBounds,GameModel,624
tetriminoCannotMoveOutsideBounds,GameModel,626
tetriminoCannotMoveOutsideBounds,GameModel,627
tetriminoCannotMoveOutsideBounds,GameModel,628
tetriminoCannotMoveOutsideBounds,GameModel,629
tetriminoCannotMoveOutsideBounds,GameModel,634
tetriminoCannotMoveOutsideBounds,GameModel,643
tetriminoCannotMoveOutsideBounds,GameModel,644
tetriminoCannotMoveOutsideBounds,GameModel,645
tetriminoCannotMoveOutsideBounds,GameModel,646
tetriminoCannotMoveOutsideBounds,GameModel,648
tetriminoCannotMoveOutsideBounds,GameModel,649
tetriminoCannotMoveOutsideBounds,GameModel,651
tetriminoCannotMoveOutsideBounds,GameModel,652
tetriminoCannotMoveOutsideBounds,GameModel,653
tetriminoCannotMoveOutsideBounds,GameModel,654
tetriminoCannotMoveOutsideBounds,GameModel,655
tetriminoCannotMoveOutsideBounds,GameModel,657
tetriminoCannotMoveOutsideBounds,GameModel,663
tetriminoCannotMoveOutsideBounds,GameModel,673
tetriminoCannotMoveOutsideBounds,GameModel,674
tetriminoCannotMoveOutsideBounds,GameModel,675
tetriminoCannotMoveOutsideBounds,GameModel,676
tetriminoCannotMoveOutsideBounds,GameModel,678
tetriminoCannotMoveOutsideBounds,GameModel,679
tetriminoCannotMoveOutsideBounds,GameModel,681
tetriminoCannotMoveOutsideBounds,GameModel,682
tetriminoCannotMoveOutsideBounds,GameModel,683
tetriminoCannotMoveOutsideBounds,GameModel,684
tetriminoCannotMoveOutsideBounds,GameModel,685
tetriminoCannotMoveOutsideBounds,GameModel,687
tetriminoCannotMoveOutsideBounds,GameModel,688
tetriminoCannotMoveOutsideBounds,GameModel,689
tetriminoCannotMoveOutsideBounds,GameModel,695
