tetriminoPositionCannotBeNull,Tetrimino,11
tetriminoPositionCannotBeNull,Tetrimino,12
tetriminoPositionCannotBeNull,Tetrimino,14
tetriminoPositionCannotBeNull,Tetrimino,15
tetriminoPositionCannotBeNull,Tetrimino,16
tetriminoPositionCannotBeNull,Tetrimino,31
tetriminoPositionCannotBeNull,Tetrimino,32
tetriminoPositionCannotBeNull,Tetrimino,33
tetriminoPositionCannotBeNull,Tetrimino,34
tetriminoPositionCannotBeNull,Tetrimino,35
tetriminoPositionCannotBeNull,Tetrimino,37
tetriminoPositionCannotBeNull,Tetrimino,38
tetriminoPositionCannotBeNull,Tetrimino,39
tetriminoPositionCannotBeNull,Tetrimino,40
tetriminoPositionCannotBeNull,Tetrimino,63
tetriminoPositionCannotBeNull,Tetrimino,75
tetriminoPositionCannotBeNull,Tetrimino,77
tetriminoPositionCannotBeNull,Tetrimino,78
tetriminoPositionCannotBeNull,Tetrimino,80
