fallingTetriminoCanBeSwappedOnlyOnce,ColorTintFilter,15
fallingTetriminoCanBeSwappedOnlyOnce,ColorTintFilter,16
fallingTetriminoCanBeSwappedOnlyOnce,ColorTintFilter,17
fallingTetriminoCanBeSwappedOnlyOnce,ColorTintFilter,18
fallingTetriminoCanBeSwappedOnlyOnce,ColorTintFilter,25
fallingTetriminoCanBeSwappedOnlyOnce,ColorTintFilter,27
fallingTetriminoCanBeSwappedOnlyOnce,ColorTintFilter,28
fallingTetriminoCanBeSwappedOnlyOnce,ColorTintFilter,29
fallingTetriminoCanBeSwappedOnlyOnce,ColorTintFilter,31
fallingTetriminoCanBeSwappedOnlyOnce,ColorTintFilter,32
fallingTetriminoCanBeSwappedOnlyOnce,ColorTintFilter,33
fallingTetriminoCanBeSwappedOnlyOnce,ColorTintFilter,35
fallingTetriminoCanBeSwappedOnlyOnce,ColorTintFilter,36
fallingTetriminoCanBeSwappedOnlyOnce,ColorTintFilter,37
fallingTetriminoCanBeSwappedOnlyOnce,ColorTintFilter,39
fallingTetriminoCanBeSwappedOnlyOnce,ColorTintFilter,40
fallingTetriminoCanBeSwappedOnlyOnce,ColorTintFilter,41
fallingTetriminoCanBeSwappedOnlyOnce,ColorTintFilter,43
fallingTetriminoCanBeSwappedOnlyOnce,ColorTintFilter,45
fallingTetriminoCanBeSwappedOnlyOnce,ColorTintFilter,49
fallingTetriminoCanBeSwappedOnlyOnce,Constants,20
fallingTetriminoCanBeSwappedOnlyOnce,Constants,22
fallingTetriminoCanBeSwappedOnlyOnce,Constants,23
fallingTetriminoCanBeSwappedOnlyOnce,Constants,24
fallingTetriminoCanBeSwappedOnlyOnce,Constants,25
fallingTetriminoCanBeSwappedOnlyOnce,Constants,26
fallingTetriminoCanBeSwappedOnlyOnce,Constants,27
fallingTetriminoCanBeSwappedOnlyOnce,Constants,28
fallingTetriminoCanBeSwappedOnlyOnce,Constants,30
fallingTetriminoCanBeSwappedOnlyOnce,Constants,35
fallingTetriminoCanBeSwappedOnlyOnce,Constants,37
fallingTetriminoCanBeSwappedOnlyOnce,Constants,64
fallingTetriminoCanBeSwappedOnlyOnce,Constants,83
fallingTetriminoCanBeSwappedOnlyOnce,Constants,102
fallingTetriminoCanBeSwappedOnlyOnce,Constants,121
fallingTetriminoCanBeSwappedOnlyOnce,Constants,140
fallingTetriminoCanBeSwappedOnlyOnce,Constants,159
fallingTetriminoCanBeSwappedOnlyOnce,Constants,179
fallingTetriminoCanBeSwappedOnlyOnce,Constants,184
fallingTetriminoCanBeSwappedOnlyOnce,Constants,186
fallingTetriminoCanBeSwappedOnlyOnce,Constants,193
fallingTetriminoCanBeSwappedOnlyOnce,Constants,200
fallingTetriminoCanBeSwappedOnlyOnce,Constants,207
fallingTetriminoCanBeSwappedOnlyOnce,Constants,208
fallingTetriminoCanBeSwappedOnlyOnce,Constants,209
fallingTetriminoCanBeSwappedOnlyOnce,Constants,210
fallingTetriminoCanBeSwappedOnlyOnce,Constants,211
fallingTetriminoCanBeSwappedOnlyOnce,Constants,212
fallingTetriminoCanBeSwappedOnlyOnce,Constants,213
fallingTetriminoCanBeSwappedOnlyOnce,Constants,215
fallingTetriminoCanBeSwappedOnlyOnce,Constants,221
fallingTetriminoCanBeSwappedOnlyOnce,Constants,223
fallingTetriminoCanBeSwappedOnlyOnce,Constants,226
fallingTetriminoCanBeSwappedOnlyOnce,Constants,230
fallingTetriminoCanBeSwappedOnlyOnce,Constants,232
fallingTetriminoCanBeSwappedOnlyOnce,Constants,234
fallingTetriminoCanBeSwappedOnlyOnce,Constants,235
fallingTetriminoCanBeSwappedOnlyOnce,Constants,236
fallingTetriminoCanBeSwappedOnlyOnce,Constants,238
fallingTetriminoCanBeSwappedOnlyOnce,Constants,239
fallingTetriminoCanBeSwappedOnlyOnce,Constants,240
fallingTetriminoCanBeSwappedOnlyOnce,Constants,242
fallingTetriminoCanBeSwappedOnlyOnce,Constants,243
fallingTetriminoCanBeSwappedOnlyOnce,Constants,245
fallingTetriminoCanBeSwappedOnlyOnce,Constants,250
fallingTetriminoCanBeSwappedOnlyOnce,Constants,252
fallingTetriminoCanBeSwappedOnlyOnce,Constants,253
fallingTetriminoCanBeSwappedOnlyOnce,Constants,254
fallingTetriminoCanBeSwappedOnlyOnce,Constants,255
fallingTetriminoCanBeSwappedOnlyOnce,Constants,256
fallingTetriminoCanBeSwappedOnlyOnce,Constants,258
fallingTetriminoCanBeSwappedOnlyOnce,Constants,264
fallingTetriminoCanBeSwappedOnlyOnce,Constants,265
fallingTetriminoCanBeSwappedOnlyOnce,Constants,268
fallingTetriminoCanBeSwappedOnlyOnce,Constants,272
fallingTetriminoCanBeSwappedOnlyOnce,Constants,274
fallingTetriminoCanBeSwappedOnlyOnce,Constants,275
fallingTetriminoCanBeSwappedOnlyOnce,Constants,276
fallingTetriminoCanBeSwappedOnlyOnce,Block,6
fallingTetriminoCanBeSwappedOnlyOnce,Block,7
fallingTetriminoCanBeSwappedOnlyOnce,Block,8
fallingTetriminoCanBeSwappedOnlyOnce,Tetrimino,11
fallingTetriminoCanBeSwappedOnlyOnce,Tetrimino,12
fallingTetriminoCanBeSwappedOnlyOnce,Tetrimino,14
fallingTetriminoCanBeSwappedOnlyOnce,Tetrimino,15
fallingTetriminoCanBeSwappedOnlyOnce,Tetrimino,16
fallingTetriminoCanBeSwappedOnlyOnce,Tetrimino,31
fallingTetriminoCanBeSwappedOnlyOnce,Tetrimino,32
fallingTetriminoCanBeSwappedOnlyOnce,Tetrimino,33
fallingTetriminoCanBeSwappedOnlyOnce,Tetrimino,34
fallingTetriminoCanBeSwappedOnlyOnce,Tetrimino,35
fallingTetriminoCanBeSwappedOnlyOnce,Tetrimino,37
fallingTetriminoCanBeSwappedOnlyOnce,Tetrimino,38
fallingTetriminoCanBeSwappedOnlyOnce,Tetrimino,39
fallingTetriminoCanBeSwappedOnlyOnce,Tetrimino,40
fallingTetriminoCanBeSwappedOnlyOnce,Tetrimino,49
fallingTetriminoCanBeSwappedOnlyOnce,Tetrimino,50
fallingTetriminoCanBeSwappedOnlyOnce,Tetrimino,52
fallingTetriminoCanBeSwappedOnlyOnce,Tetrimino,55
fallingTetriminoCanBeSwappedOnlyOnce,Tetrimino,59
fallingTetriminoCanBeSwappedOnlyOnce,Tetrimino,63
fallingTetriminoCanBeSwappedOnlyOnce,Tetrimino,67
fallingTetriminoCanBeSwappedOnlyOnce,Tetrimino,68
fallingTetriminoCanBeSwappedOnlyOnce,Tetrimino,71
fallingTetriminoCanBeSwappedOnlyOnce,Tetrimino,72
fallingTetriminoCanBeSwappedOnlyOnce,Tetrimino,75
fallingTetriminoCanBeSwappedOnlyOnce,Tetrimino,77
fallingTetriminoCanBeSwappedOnlyOnce,Tetrimino,78
fallingTetriminoCanBeSwappedOnlyOnce,Tetrimino,80
fallingTetriminoCanBeSwappedOnlyOnce,GameModel,28
fallingTetriminoCanBeSwappedOnlyOnce,GameModel,40
fallingTetriminoCanBeSwappedOnlyOnce,GameModel,41
fallingTetriminoCanBeSwappedOnlyOnce,GameModel,42
fallingTetriminoCanBeSwappedOnlyOnce,GameModel,43
fallingTetriminoCanBeSwappedOnlyOnce,GameModel,45
fallingTetriminoCanBeSwappedOnlyOnce,GameModel,46
fallingTetriminoCanBeSwappedOnlyOnce,GameModel,55
fallingTetriminoCanBeSwappedOnlyOnce,GameModel,71
fallingTetriminoCanBeSwappedOnlyOnce,GameModel,217
fallingTetriminoCanBeSwappedOnlyOnce,GameModel,219
fallingTetriminoCanBeSwappedOnlyOnce,GameModel,221
fallingTetriminoCanBeSwappedOnlyOnce,GameModel,222
fallingTetriminoCanBeSwappedOnlyOnce,GameModel,225
fallingTetriminoCanBeSwappedOnlyOnce,GameModel,226
fallingTetriminoCanBeSwappedOnlyOnce,GameModel,248
fallingTetriminoCanBeSwappedOnlyOnce,GameModel,250
fallingTetriminoCanBeSwappedOnlyOnce,GameModel,251
fallingTetriminoCanBeSwappedOnlyOnce,GameModel,252
fallingTetriminoCanBeSwappedOnlyOnce,GameModel,254
fallingTetriminoCanBeSwappedOnlyOnce,GameModel,255
fallingTetriminoCanBeSwappedOnlyOnce,GameModel,256
fallingTetriminoCanBeSwappedOnlyOnce,GameModel,258
fallingTetriminoCanBeSwappedOnlyOnce,GameModel,261
fallingTetriminoCanBeSwappedOnlyOnce,GameModel,263
fallingTetriminoCanBeSwappedOnlyOnce,GameModel,267
fallingTetriminoCanBeSwappedOnlyOnce,GameModel,268
fallingTetriminoCanBeSwappedOnlyOnce,GameModel,316
fallingTetriminoCanBeSwappedOnlyOnce,GameModel,317
fallingTetriminoCanBeSwappedOnlyOnce,GameModel,318
fallingTetriminoCanBeSwappedOnlyOnce,GameModel,319
fallingTetriminoCanBeSwappedOnlyOnce,GameModel,320
fallingTetriminoCanBeSwappedOnlyOnce,GameModel,321
fallingTetriminoCanBeSwappedOnlyOnce,GameModel,322
fallingTetriminoCanBeSwappedOnlyOnce,GameModel,323
fallingTetriminoCanBeSwappedOnlyOnce,GameModel,324
fallingTetriminoCanBeSwappedOnlyOnce,GameModel,325
fallingTetriminoCanBeSwappedOnlyOnce,GameModel,326
fallingTetriminoCanBeSwappedOnlyOnce,GameModel,327
fallingTetriminoCanBeSwappedOnlyOnce,GameModel,328
fallingTetriminoCanBeSwappedOnlyOnce,GameModel,329
fallingTetriminoCanBeSwappedOnlyOnce,GameModel,331
fallingTetriminoCanBeSwappedOnlyOnce,GameModel,332
fallingTetriminoCanBeSwappedOnlyOnce,GameModel,334
fallingTetriminoCanBeSwappedOnlyOnce,GameModel,335
fallingTetriminoCanBeSwappedOnlyOnce,GameModel,344
fallingTetriminoCanBeSwappedOnlyOnce,GameModel,346
fallingTetriminoCanBeSwappedOnlyOnce,GameModel,347
fallingTetriminoCanBeSwappedOnlyOnce,GameModel,349
fallingTetriminoCanBeSwappedOnlyOnce,GameModel,350
fallingTetriminoCanBeSwappedOnlyOnce,GameModel,352
fallingTetriminoCanBeSwappedOnlyOnce,GameModel,355
fallingTetriminoCanBeSwappedOnlyOnce,GameModel,357
fallingTetriminoCanBeSwappedOnlyOnce,GameModel,364
fallingTetriminoCanBeSwappedOnlyOnce,GameModel,368
fallingTetriminoCanBeSwappedOnlyOnce,GameModel,369
fallingTetriminoCanBeSwappedOnlyOnce,GameModel,370
fallingTetriminoCanBeSwappedOnlyOnce,GameModel,372
fallingTetriminoCanBeSwappedOnlyOnce,GameModel,373
fallingTetriminoCanBeSwappedOnlyOnce,GameModel,381
fallingTetriminoCanBeSwappedOnlyOnce,GameModel,382
fallingTetriminoCanBeSwappedOnlyOnce,GameModel,385
fallingTetriminoCanBeSwappedOnlyOnce,GameModel,388
fallingTetriminoCanBeSwappedOnlyOnce,GameModel,389
fallingTetriminoCanBeSwappedOnlyOnce,GameModel,391
fallingTetriminoCanBeSwappedOnlyOnce,GameModel,392
fallingTetriminoCanBeSwappedOnlyOnce,GameModel,395
fallingTetriminoCanBeSwappedOnlyOnce,GameModel,411
fallingTetriminoCanBeSwappedOnlyOnce,GameModel,433
fallingTetriminoCanBeSwappedOnlyOnce,GameModel,436
fallingTetriminoCanBeSwappedOnlyOnce,GameModel,440
fallingTetriminoCanBeSwappedOnlyOnce,GameModel,458
fallingTetriminoCanBeSwappedOnlyOnce,GameModel,461
fallingTetriminoCanBeSwappedOnlyOnce,GameModel,463
fallingTetriminoCanBeSwappedOnlyOnce,GameModel,465
fallingTetriminoCanBeSwappedOnlyOnce,GameModel,474
fallingTetriminoCanBeSwappedOnlyOnce,GameModel,477
fallingTetriminoCanBeSwappedOnlyOnce,GameModel,482
fallingTetriminoCanBeSwappedOnlyOnce,GameModel,483
fallingTetriminoCanBeSwappedOnlyOnce,GameModel,485
fallingTetriminoCanBeSwappedOnlyOnce,GameModel,486
fallingTetriminoCanBeSwappedOnlyOnce,GameModel,511
fallingTetriminoCanBeSwappedOnlyOnce,GameModel,513
fallingTetriminoCanBeSwappedOnlyOnce,GameModel,515
fallingTetriminoCanBeSwappedOnlyOnce,GameModel,517
fallingTetriminoCanBeSwappedOnlyOnce,GameModel,518
fallingTetriminoCanBeSwappedOnlyOnce,GameModel,519
fallingTetriminoCanBeSwappedOnlyOnce,GameModel,520
fallingTetriminoCanBeSwappedOnlyOnce,GameModel,525
fallingTetriminoCanBeSwappedOnlyOnce,GameModel,526
fallingTetriminoCanBeSwappedOnlyOnce,GameModel,544
fallingTetriminoCanBeSwappedOnlyOnce,GameModel,548
fallingTetriminoCanBeSwappedOnlyOnce,GameModel,556
fallingTetriminoCanBeSwappedOnlyOnce,GameModel,564
fallingTetriminoCanBeSwappedOnlyOnce,GameModel,566
fallingTetriminoCanBeSwappedOnlyOnce,GameModel,567
fallingTetriminoCanBeSwappedOnlyOnce,GameModel,569
fallingTetriminoCanBeSwappedOnlyOnce,GameModel,571
fallingTetriminoCanBeSwappedOnlyOnce,GameModel,574
fallingTetriminoCanBeSwappedOnlyOnce,GameModel,581
fallingTetriminoCanBeSwappedOnlyOnce,GameModel,582
fallingTetriminoCanBeSwappedOnlyOnce,GameModel,583
fallingTetriminoCanBeSwappedOnlyOnce,GameModel,584
fallingTetriminoCanBeSwappedOnlyOnce,GameModel,586
fallingTetriminoCanBeSwappedOnlyOnce,GameModel,587
fallingTetriminoCanBeSwappedOnlyOnce,GameModel,589
fallingTetriminoCanBeSwappedOnlyOnce,GameModel,591
fallingTetriminoCanBeSwappedOnlyOnce,GameModel,592
fallingTetriminoCanBeSwappedOnlyOnce,GameModel,593
fallingTetriminoCanBeSwappedOnlyOnce,GameModel,594
fallingTetriminoCanBeSwappedOnlyOnce,GameModel,595
fallingTetriminoCanBeSwappedOnlyOnce,GameModel,597
fallingTetriminoCanBeSwappedOnlyOnce,GameModel,599
fallingTetriminoCanBeSwappedOnlyOnce,GameModel,600
fallingTetriminoCanBeSwappedOnlyOnce,GameModel,606
fallingTetriminoCanBeSwappedOnlyOnce,GameModel,609
fallingTetriminoCanBeSwappedOnlyOnce,GameModel,618
fallingTetriminoCanBeSwappedOnlyOnce,GameModel,619
fallingTetriminoCanBeSwappedOnlyOnce,GameModel,621
fallingTetriminoCanBeSwappedOnlyOnce,GameModel,622
fallingTetriminoCanBeSwappedOnlyOnce,GameModel,623
fallingTetriminoCanBeSwappedOnlyOnce,GameModel,624
fallingTetriminoCanBeSwappedOnlyOnce,GameModel,626
fallingTetriminoCanBeSwappedOnlyOnce,GameModel,627
fallingTetriminoCanBeSwappedOnlyOnce,GameModel,628
fallingTetriminoCanBeSwappedOnlyOnce,GameModel,629
fallingTetriminoCanBeSwappedOnlyOnce,GameModel,634
fallingTetriminoCanBeSwappedOnlyOnce,GameModel,643
fallingTetriminoCanBeSwappedOnlyOnce,GameModel,644
fallingTetriminoCanBeSwappedOnlyOnce,GameModel,645
fallingTetriminoCanBeSwappedOnlyOnce,GameModel,646
fallingTetriminoCanBeSwappedOnlyOnce,GameModel,648
fallingTetriminoCanBeSwappedOnlyOnce,GameModel,649
fallingTetriminoCanBeSwappedOnlyOnce,GameModel,651
fallingTetriminoCanBeSwappedOnlyOnce,GameModel,652
fallingTetriminoCanBeSwappedOnlyOnce,GameModel,653
fallingTetriminoCanBeSwappedOnlyOnce,GameModel,654
fallingTetriminoCanBeSwappedOnlyOnce,GameModel,655
fallingTetriminoCanBeSwappedOnlyOnce,GameModel,657
fallingTetriminoCanBeSwappedOnlyOnce,GameModel,663
fallingTetriminoCanBeSwappedOnlyOnce,GameModel,673
fallingTetriminoCanBeSwappedOnlyOnce,GameModel,674
fallingTetriminoCanBeSwappedOnlyOnce,GameModel,675
fallingTetriminoCanBeSwappedOnlyOnce,GameModel,676
fallingTetriminoCanBeSwappedOnlyOnce,GameModel,678
fallingTetriminoCanBeSwappedOnlyOnce,GameModel,679
fallingTetriminoCanBeSwappedOnlyOnce,GameModel,681
fallingTetriminoCanBeSwappedOnlyOnce,GameModel,682
fallingTetriminoCanBeSwappedOnlyOnce,GameModel,683
fallingTetriminoCanBeSwappedOnlyOnce,GameModel,684
fallingTetriminoCanBeSwappedOnlyOnce,GameModel,685
fallingTetriminoCanBeSwappedOnlyOnce,GameModel,687
fallingTetriminoCanBeSwappedOnlyOnce,GameModel,688
fallingTetriminoCanBeSwappedOnlyOnce,GameModel,689
fallingTetriminoCanBeSwappedOnlyOnce,GameModel,695
