shiftFalseMoveTetriminoRight,ColorTintFilter,15
shiftFalseMoveTetriminoRight,ColorTintFilter,16
shiftFalseMoveTetriminoRight,ColorTintFilter,17
shiftFalseMoveTetriminoRight,ColorTintFilter,18
shiftFalseMoveTetriminoRight,ColorTintFilter,25
shiftFalseMoveTetriminoRight,ColorTintFilter,27
shiftFalseMoveTetriminoRight,ColorTintFilter,28
shiftFalseMoveTetriminoRight,ColorTintFilter,29
shiftFalseMoveTetriminoRight,ColorTintFilter,31
shiftFalseMoveTetriminoRight,ColorTintFilter,32
shiftFalseMoveTetriminoRight,ColorTintFilter,33
shiftFalseMoveTetriminoRight,ColorTintFilter,35
shiftFalseMoveTetriminoRight,ColorTintFilter,36
shiftFalseMoveTetriminoRight,ColorTintFilter,37
shiftFalseMoveTetriminoRight,ColorTintFilter,39
shiftFalseMoveTetriminoRight,ColorTintFilter,40
shiftFalseMoveTetriminoRight,ColorTintFilter,41
shiftFalseMoveTetriminoRight,ColorTintFilter,43
shiftFalseMoveTetriminoRight,ColorTintFilter,45
shiftFalseMoveTetriminoRight,ColorTintFilter,49
shiftFalseMoveTetriminoRight,Constants,20
shiftFalseMoveTetriminoRight,Constants,22
shiftFalseMoveTetriminoRight,Constants,23
shiftFalseMoveTetriminoRight,Constants,24
shiftFalseMoveTetriminoRight,Constants,25
shiftFalseMoveTetriminoRight,Constants,26
shiftFalseMoveTetriminoRight,Constants,27
shiftFalseMoveTetriminoRight,Constants,28
shiftFalseMoveTetriminoRight,Constants,30
shiftFalseMoveTetriminoRight,Constants,35
shiftFalseMoveTetriminoRight,Constants,37
shiftFalseMoveTetriminoRight,Constants,64
shiftFalseMoveTetriminoRight,Constants,83
shiftFalseMoveTetriminoRight,Constants,102
shiftFalseMoveTetriminoRight,Constants,121
shiftFalseMoveTetriminoRight,Constants,140
shiftFalseMoveTetriminoRight,Constants,159
shiftFalseMoveTetriminoRight,Constants,179
shiftFalseMoveTetriminoRight,Constants,184
shiftFalseMoveTetriminoRight,Constants,186
shiftFalseMoveTetriminoRight,Constants,193
shiftFalseMoveTetriminoRight,Constants,200
shiftFalseMoveTetriminoRight,Constants,207
shiftFalseMoveTetriminoRight,Constants,208
shiftFalseMoveTetriminoRight,Constants,209
shiftFalseMoveTetriminoRight,Constants,210
shiftFalseMoveTetriminoRight,Constants,211
shiftFalseMoveTetriminoRight,Constants,212
shiftFalseMoveTetriminoRight,Constants,213
shiftFalseMoveTetriminoRight,Constants,215
shiftFalseMoveTetriminoRight,Constants,221
shiftFalseMoveTetriminoRight,Constants,223
shiftFalseMoveTetriminoRight,Constants,226
shiftFalseMoveTetriminoRight,Constants,230
shiftFalseMoveTetriminoRight,Constants,232
shiftFalseMoveTetriminoRight,Constants,234
shiftFalseMoveTetriminoRight,Constants,235
shiftFalseMoveTetriminoRight,Constants,236
shiftFalseMoveTetriminoRight,Constants,238
shiftFalseMoveTetriminoRight,Constants,239
shiftFalseMoveTetriminoRight,Constants,240
shiftFalseMoveTetriminoRight,Constants,242
shiftFalseMoveTetriminoRight,Constants,243
shiftFalseMoveTetriminoRight,Constants,245
shiftFalseMoveTetriminoRight,Constants,250
shiftFalseMoveTetriminoRight,Constants,252
shiftFalseMoveTetriminoRight,Constants,253
shiftFalseMoveTetriminoRight,Constants,254
shiftFalseMoveTetriminoRight,Constants,255
shiftFalseMoveTetriminoRight,Constants,256
shiftFalseMoveTetriminoRight,Constants,258
shiftFalseMoveTetriminoRight,Constants,264
shiftFalseMoveTetriminoRight,Constants,265
shiftFalseMoveTetriminoRight,Constants,268
shiftFalseMoveTetriminoRight,Constants,272
shiftFalseMoveTetriminoRight,Constants,274
shiftFalseMoveTetriminoRight,Constants,275
shiftFalseMoveTetriminoRight,Constants,276
shiftFalseMoveTetriminoRight,Block,6
shiftFalseMoveTetriminoRight,Block,7
shiftFalseMoveTetriminoRight,Block,8
shiftFalseMoveTetriminoRight,Tetrimino,11
shiftFalseMoveTetriminoRight,Tetrimino,12
shiftFalseMoveTetriminoRight,Tetrimino,14
shiftFalseMoveTetriminoRight,Tetrimino,15
shiftFalseMoveTetriminoRight,Tetrimino,16
shiftFalseMoveTetriminoRight,Tetrimino,31
shiftFalseMoveTetriminoRight,Tetrimino,32
shiftFalseMoveTetriminoRight,Tetrimino,33
shiftFalseMoveTetriminoRight,Tetrimino,34
shiftFalseMoveTetriminoRight,Tetrimino,35
shiftFalseMoveTetriminoRight,Tetrimino,37
shiftFalseMoveTetriminoRight,Tetrimino,38
shiftFalseMoveTetriminoRight,Tetrimino,39
shiftFalseMoveTetriminoRight,Tetrimino,40
shiftFalseMoveTetriminoRight,Tetrimino,49
shiftFalseMoveTetriminoRight,Tetrimino,50
shiftFalseMoveTetriminoRight,Tetrimino,52
shiftFalseMoveTetriminoRight,Tetrimino,55
shiftFalseMoveTetriminoRight,Tetrimino,59
shiftFalseMoveTetriminoRight,Tetrimino,63
shiftFalseMoveTetriminoRight,Tetrimino,67
shiftFalseMoveTetriminoRight,Tetrimino,68
shiftFalseMoveTetriminoRight,Tetrimino,71
shiftFalseMoveTetriminoRight,Tetrimino,72
shiftFalseMoveTetriminoRight,Tetrimino,75
shiftFalseMoveTetriminoRight,Tetrimino,77
shiftFalseMoveTetriminoRight,Tetrimino,78
shiftFalseMoveTetriminoRight,Tetrimino,80
shiftFalseMoveTetriminoRight,GameModel,28
shiftFalseMoveTetriminoRight,GameModel,40
shiftFalseMoveTetriminoRight,GameModel,41
shiftFalseMoveTetriminoRight,GameModel,42
shiftFalseMoveTetriminoRight,GameModel,43
shiftFalseMoveTetriminoRight,GameModel,45
shiftFalseMoveTetriminoRight,GameModel,46
shiftFalseMoveTetriminoRight,GameModel,55
shiftFalseMoveTetriminoRight,GameModel,71
shiftFalseMoveTetriminoRight,GameModel,217
shiftFalseMoveTetriminoRight,GameModel,219
shiftFalseMoveTetriminoRight,GameModel,221
shiftFalseMoveTetriminoRight,GameModel,222
shiftFalseMoveTetriminoRight,GameModel,225
shiftFalseMoveTetriminoRight,GameModel,226
shiftFalseMoveTetriminoRight,GameModel,234
shiftFalseMoveTetriminoRight,GameModel,236
shiftFalseMoveTetriminoRight,GameModel,237
shiftFalseMoveTetriminoRight,GameModel,239
shiftFalseMoveTetriminoRight,GameModel,241
shiftFalseMoveTetriminoRight,GameModel,248
shiftFalseMoveTetriminoRight,GameModel,250
shiftFalseMoveTetriminoRight,GameModel,251
shiftFalseMoveTetriminoRight,GameModel,252
shiftFalseMoveTetriminoRight,GameModel,254
shiftFalseMoveTetriminoRight,GameModel,255
shiftFalseMoveTetriminoRight,GameModel,256
shiftFalseMoveTetriminoRight,GameModel,258
shiftFalseMoveTetriminoRight,GameModel,261
shiftFalseMoveTetriminoRight,GameModel,263
shiftFalseMoveTetriminoRight,GameModel,267
shiftFalseMoveTetriminoRight,GameModel,268
shiftFalseMoveTetriminoRight,GameModel,316
shiftFalseMoveTetriminoRight,GameModel,317
shiftFalseMoveTetriminoRight,GameModel,318
shiftFalseMoveTetriminoRight,GameModel,319
shiftFalseMoveTetriminoRight,GameModel,320
shiftFalseMoveTetriminoRight,GameModel,321
shiftFalseMoveTetriminoRight,GameModel,322
shiftFalseMoveTetriminoRight,GameModel,323
shiftFalseMoveTetriminoRight,GameModel,324
shiftFalseMoveTetriminoRight,GameModel,325
shiftFalseMoveTetriminoRight,GameModel,326
shiftFalseMoveTetriminoRight,GameModel,327
shiftFalseMoveTetriminoRight,GameModel,328
shiftFalseMoveTetriminoRight,GameModel,329
shiftFalseMoveTetriminoRight,GameModel,331
shiftFalseMoveTetriminoRight,GameModel,332
shiftFalseMoveTetriminoRight,GameModel,334
shiftFalseMoveTetriminoRight,GameModel,335
shiftFalseMoveTetriminoRight,GameModel,344
shiftFalseMoveTetriminoRight,GameModel,346
shiftFalseMoveTetriminoRight,GameModel,347
shiftFalseMoveTetriminoRight,GameModel,349
shiftFalseMoveTetriminoRight,GameModel,350
shiftFalseMoveTetriminoRight,GameModel,352
shiftFalseMoveTetriminoRight,GameModel,355
shiftFalseMoveTetriminoRight,GameModel,357
shiftFalseMoveTetriminoRight,GameModel,364
shiftFalseMoveTetriminoRight,GameModel,368
shiftFalseMoveTetriminoRight,GameModel,369
shiftFalseMoveTetriminoRight,GameModel,370
shiftFalseMoveTetriminoRight,GameModel,372
shiftFalseMoveTetriminoRight,GameModel,373
shiftFalseMoveTetriminoRight,GameModel,381
shiftFalseMoveTetriminoRight,GameModel,382
shiftFalseMoveTetriminoRight,GameModel,385
shiftFalseMoveTetriminoRight,GameModel,388
shiftFalseMoveTetriminoRight,GameModel,389
shiftFalseMoveTetriminoRight,GameModel,391
shiftFalseMoveTetriminoRight,GameModel,392
shiftFalseMoveTetriminoRight,GameModel,395
shiftFalseMoveTetriminoRight,GameModel,411
shiftFalseMoveTetriminoRight,GameModel,433
shiftFalseMoveTetriminoRight,GameModel,436
shiftFalseMoveTetriminoRight,GameModel,440
shiftFalseMoveTetriminoRight,GameModel,458
shiftFalseMoveTetriminoRight,GameModel,461
shiftFalseMoveTetriminoRight,GameModel,463
shiftFalseMoveTetriminoRight,GameModel,465
shiftFalseMoveTetriminoRight,GameModel,474
shiftFalseMoveTetriminoRight,GameModel,477
shiftFalseMoveTetriminoRight,GameModel,482
shiftFalseMoveTetriminoRight,GameModel,483
shiftFalseMoveTetriminoRight,GameModel,485
shiftFalseMoveTetriminoRight,GameModel,486
shiftFalseMoveTetriminoRight,GameModel,494
shiftFalseMoveTetriminoRight,GameModel,496
shiftFalseMoveTetriminoRight,GameModel,498
shiftFalseMoveTetriminoRight,GameModel,503
shiftFalseMoveTetriminoRight,GameModel,511
shiftFalseMoveTetriminoRight,GameModel,513
shiftFalseMoveTetriminoRight,GameModel,515
shiftFalseMoveTetriminoRight,GameModel,517
shiftFalseMoveTetriminoRight,GameModel,518
shiftFalseMoveTetriminoRight,GameModel,519
shiftFalseMoveTetriminoRight,GameModel,520
shiftFalseMoveTetriminoRight,GameModel,525
shiftFalseMoveTetriminoRight,GameModel,526
shiftFalseMoveTetriminoRight,GameModel,544
shiftFalseMoveTetriminoRight,GameModel,548
shiftFalseMoveTetriminoRight,GameModel,556
shiftFalseMoveTetriminoRight,GameModel,564
shiftFalseMoveTetriminoRight,GameModel,566
shiftFalseMoveTetriminoRight,GameModel,567
shiftFalseMoveTetriminoRight,GameModel,569
shiftFalseMoveTetriminoRight,GameModel,571
shiftFalseMoveTetriminoRight,GameModel,574
shiftFalseMoveTetriminoRight,GameModel,581
shiftFalseMoveTetriminoRight,GameModel,582
shiftFalseMoveTetriminoRight,GameModel,583
shiftFalseMoveTetriminoRight,GameModel,584
shiftFalseMoveTetriminoRight,GameModel,586
shiftFalseMoveTetriminoRight,GameModel,587
shiftFalseMoveTetriminoRight,GameModel,589
shiftFalseMoveTetriminoRight,GameModel,591
shiftFalseMoveTetriminoRight,GameModel,592
shiftFalseMoveTetriminoRight,GameModel,593
shiftFalseMoveTetriminoRight,GameModel,594
shiftFalseMoveTetriminoRight,GameModel,595
shiftFalseMoveTetriminoRight,GameModel,597
shiftFalseMoveTetriminoRight,GameModel,599
shiftFalseMoveTetriminoRight,GameModel,600
shiftFalseMoveTetriminoRight,GameModel,606
shiftFalseMoveTetriminoRight,GameModel,609
shiftFalseMoveTetriminoRight,GameModel,618
shiftFalseMoveTetriminoRight,GameModel,619
shiftFalseMoveTetriminoRight,GameModel,621
shiftFalseMoveTetriminoRight,GameModel,622
shiftFalseMoveTetriminoRight,GameModel,623
shiftFalseMoveTetriminoRight,GameModel,624
shiftFalseMoveTetriminoRight,GameModel,626
shiftFalseMoveTetriminoRight,GameModel,627
shiftFalseMoveTetriminoRight,GameModel,628
shiftFalseMoveTetriminoRight,GameModel,629
shiftFalseMoveTetriminoRight,GameModel,634
shiftFalseMoveTetriminoRight,GameModel,643
shiftFalseMoveTetriminoRight,GameModel,644
shiftFalseMoveTetriminoRight,GameModel,645
shiftFalseMoveTetriminoRight,GameModel,646
shiftFalseMoveTetriminoRight,GameModel,648
shiftFalseMoveTetriminoRight,GameModel,649
shiftFalseMoveTetriminoRight,GameModel,651
shiftFalseMoveTetriminoRight,GameModel,652
shiftFalseMoveTetriminoRight,GameModel,653
shiftFalseMoveTetriminoRight,GameModel,654
shiftFalseMoveTetriminoRight,GameModel,655
shiftFalseMoveTetriminoRight,GameModel,657
shiftFalseMoveTetriminoRight,GameModel,663
shiftFalseMoveTetriminoRight,GameModel,673
shiftFalseMoveTetriminoRight,GameModel,674
shiftFalseMoveTetriminoRight,GameModel,675
shiftFalseMoveTetriminoRight,GameModel,676
shiftFalseMoveTetriminoRight,GameModel,678
shiftFalseMoveTetriminoRight,GameModel,679
shiftFalseMoveTetriminoRight,GameModel,681
shiftFalseMoveTetriminoRight,GameModel,682
shiftFalseMoveTetriminoRight,GameModel,683
shiftFalseMoveTetriminoRight,GameModel,684
shiftFalseMoveTetriminoRight,GameModel,685
shiftFalseMoveTetriminoRight,GameModel,687
shiftFalseMoveTetriminoRight,GameModel,688
shiftFalseMoveTetriminoRight,GameModel,689
shiftFalseMoveTetriminoRight,GameModel,695
