shiftTrueMoveTetriminoLeft,ColorTintFilter,15
shiftTrueMoveTetriminoLeft,ColorTintFilter,16
shiftTrueMoveTetriminoLeft,ColorTintFilter,17
shiftTrueMoveTetriminoLeft,ColorTintFilter,18
shiftTrueMoveTetriminoLeft,ColorTintFilter,25
shiftTrueMoveTetriminoLeft,ColorTintFilter,27
shiftTrueMoveTetriminoLeft,ColorTintFilter,28
shiftTrueMoveTetriminoLeft,ColorTintFilter,29
shiftTrueMoveTetriminoLeft,ColorTintFilter,31
shiftTrueMoveTetriminoLeft,ColorTintFilter,32
shiftTrueMoveTetriminoLeft,ColorTintFilter,33
shiftTrueMoveTetriminoLeft,ColorTintFilter,35
shiftTrueMoveTetriminoLeft,ColorTintFilter,36
shiftTrueMoveTetriminoLeft,ColorTintFilter,37
shiftTrueMoveTetriminoLeft,ColorTintFilter,39
shiftTrueMoveTetriminoLeft,ColorTintFilter,40
shiftTrueMoveTetriminoLeft,ColorTintFilter,41
shiftTrueMoveTetriminoLeft,ColorTintFilter,43
shiftTrueMoveTetriminoLeft,ColorTintFilter,45
shiftTrueMoveTetriminoLeft,ColorTintFilter,49
shiftTrueMoveTetriminoLeft,Constants,20
shiftTrueMoveTetriminoLeft,Constants,22
shiftTrueMoveTetriminoLeft,Constants,23
shiftTrueMoveTetriminoLeft,Constants,24
shiftTrueMoveTetriminoLeft,Constants,25
shiftTrueMoveTetriminoLeft,Constants,26
shiftTrueMoveTetriminoLeft,Constants,27
shiftTrueMoveTetriminoLeft,Constants,28
shiftTrueMoveTetriminoLeft,Constants,30
shiftTrueMoveTetriminoLeft,Constants,35
shiftTrueMoveTetriminoLeft,Constants,37
shiftTrueMoveTetriminoLeft,Constants,64
shiftTrueMoveTetriminoLeft,Constants,83
shiftTrueMoveTetriminoLeft,Constants,102
shiftTrueMoveTetriminoLeft,Constants,121
shiftTrueMoveTetriminoLeft,Constants,140
shiftTrueMoveTetriminoLeft,Constants,159
shiftTrueMoveTetriminoLeft,Constants,179
shiftTrueMoveTetriminoLeft,Constants,184
shiftTrueMoveTetriminoLeft,Constants,186
shiftTrueMoveTetriminoLeft,Constants,193
shiftTrueMoveTetriminoLeft,Constants,200
shiftTrueMoveTetriminoLeft,Constants,207
shiftTrueMoveTetriminoLeft,Constants,208
shiftTrueMoveTetriminoLeft,Constants,209
shiftTrueMoveTetriminoLeft,Constants,210
shiftTrueMoveTetriminoLeft,Constants,211
shiftTrueMoveTetriminoLeft,Constants,212
shiftTrueMoveTetriminoLeft,Constants,213
shiftTrueMoveTetriminoLeft,Constants,215
shiftTrueMoveTetriminoLeft,Constants,221
shiftTrueMoveTetriminoLeft,Constants,223
shiftTrueMoveTetriminoLeft,Constants,226
shiftTrueMoveTetriminoLeft,Constants,230
shiftTrueMoveTetriminoLeft,Constants,232
shiftTrueMoveTetriminoLeft,Constants,234
shiftTrueMoveTetriminoLeft,Constants,235
shiftTrueMoveTetriminoLeft,Constants,236
shiftTrueMoveTetriminoLeft,Constants,238
shiftTrueMoveTetriminoLeft,Constants,239
shiftTrueMoveTetriminoLeft,Constants,240
shiftTrueMoveTetriminoLeft,Constants,242
shiftTrueMoveTetriminoLeft,Constants,243
shiftTrueMoveTetriminoLeft,Constants,245
shiftTrueMoveTetriminoLeft,Constants,250
shiftTrueMoveTetriminoLeft,Constants,252
shiftTrueMoveTetriminoLeft,Constants,253
shiftTrueMoveTetriminoLeft,Constants,254
shiftTrueMoveTetriminoLeft,Constants,255
shiftTrueMoveTetriminoLeft,Constants,256
shiftTrueMoveTetriminoLeft,Constants,258
shiftTrueMoveTetriminoLeft,Constants,264
shiftTrueMoveTetriminoLeft,Constants,265
shiftTrueMoveTetriminoLeft,Constants,268
shiftTrueMoveTetriminoLeft,Constants,272
shiftTrueMoveTetriminoLeft,Constants,274
shiftTrueMoveTetriminoLeft,Constants,275
shiftTrueMoveTetriminoLeft,Constants,276
shiftTrueMoveTetriminoLeft,Block,6
shiftTrueMoveTetriminoLeft,Block,7
shiftTrueMoveTetriminoLeft,Block,8
shiftTrueMoveTetriminoLeft,Tetrimino,11
shiftTrueMoveTetriminoLeft,Tetrimino,12
shiftTrueMoveTetriminoLeft,Tetrimino,14
shiftTrueMoveTetriminoLeft,Tetrimino,15
shiftTrueMoveTetriminoLeft,Tetrimino,16
shiftTrueMoveTetriminoLeft,Tetrimino,31
shiftTrueMoveTetriminoLeft,Tetrimino,32
shiftTrueMoveTetriminoLeft,Tetrimino,33
shiftTrueMoveTetriminoLeft,Tetrimino,34
shiftTrueMoveTetriminoLeft,Tetrimino,35
shiftTrueMoveTetriminoLeft,Tetrimino,37
shiftTrueMoveTetriminoLeft,Tetrimino,38
shiftTrueMoveTetriminoLeft,Tetrimino,39
shiftTrueMoveTetriminoLeft,Tetrimino,40
shiftTrueMoveTetriminoLeft,Tetrimino,49
shiftTrueMoveTetriminoLeft,Tetrimino,50
shiftTrueMoveTetriminoLeft,Tetrimino,52
shiftTrueMoveTetriminoLeft,Tetrimino,55
shiftTrueMoveTetriminoLeft,Tetrimino,59
shiftTrueMoveTetriminoLeft,Tetrimino,63
shiftTrueMoveTetriminoLeft,Tetrimino,67
shiftTrueMoveTetriminoLeft,Tetrimino,68
shiftTrueMoveTetriminoLeft,Tetrimino,71
shiftTrueMoveTetriminoLeft,Tetrimino,72
shiftTrueMoveTetriminoLeft,Tetrimino,75
shiftTrueMoveTetriminoLeft,Tetrimino,77
shiftTrueMoveTetriminoLeft,Tetrimino,78
shiftTrueMoveTetriminoLeft,Tetrimino,80
shiftTrueMoveTetriminoLeft,GameModel,28
shiftTrueMoveTetriminoLeft,GameModel,40
shiftTrueMoveTetriminoLeft,GameModel,41
shiftTrueMoveTetriminoLeft,GameModel,42
shiftTrueMoveTetriminoLeft,GameModel,43
shiftTrueMoveTetriminoLeft,GameModel,45
shiftTrueMoveTetriminoLeft,GameModel,46
shiftTrueMoveTetriminoLeft,GameModel,55
shiftTrueMoveTetriminoLeft,GameModel,71
shiftTrueMoveTetriminoLeft,GameModel,217
shiftTrueMoveTetriminoLeft,GameModel,219
shiftTrueMoveTetriminoLeft,GameModel,221
shiftTrueMoveTetriminoLeft,GameModel,222
shiftTrueMoveTetriminoLeft,GameModel,225
shiftTrueMoveTetriminoLeft,GameModel,226
shiftTrueMoveTetriminoLeft,GameModel,234
shiftTrueMoveTetriminoLeft,GameModel,236
shiftTrueMoveTetriminoLeft,GameModel,237
shiftTrueMoveTetriminoLeft,GameModel,239
shiftTrueMoveTetriminoLeft,GameModel,241
shiftTrueMoveTetriminoLeft,GameModel,248
shiftTrueMoveTetriminoLeft,GameModel,250
shiftTrueMoveTetriminoLeft,GameModel,251
shiftTrueMoveTetriminoLeft,GameModel,252
shiftTrueMoveTetriminoLeft,GameModel,254
shiftTrueMoveTetriminoLeft,GameModel,255
shiftTrueMoveTetriminoLeft,GameModel,256
shiftTrueMoveTetriminoLeft,GameModel,258
shiftTrueMoveTetriminoLeft,GameModel,261
shiftTrueMoveTetriminoLeft,GameModel,263
shiftTrueMoveTetriminoLeft,GameModel,267
shiftTrueMoveTetriminoLeft,GameModel,268
shiftTrueMoveTetriminoLeft,GameModel,316
shiftTrueMoveTetriminoLeft,GameModel,317
shiftTrueMoveTetriminoLeft,GameModel,318
shiftTrueMoveTetriminoLeft,GameModel,319
shiftTrueMoveTetriminoLeft,GameModel,320
shiftTrueMoveTetriminoLeft,GameModel,321
shiftTrueMoveTetriminoLeft,GameModel,322
shiftTrueMoveTetriminoLeft,GameModel,323
shiftTrueMoveTetriminoLeft,GameModel,324
shiftTrueMoveTetriminoLeft,GameModel,325
shiftTrueMoveTetriminoLeft,GameModel,326
shiftTrueMoveTetriminoLeft,GameModel,327
shiftTrueMoveTetriminoLeft,GameModel,328
shiftTrueMoveTetriminoLeft,GameModel,329
shiftTrueMoveTetriminoLeft,GameModel,331
shiftTrueMoveTetriminoLeft,GameModel,332
shiftTrueMoveTetriminoLeft,GameModel,334
shiftTrueMoveTetriminoLeft,GameModel,335
shiftTrueMoveTetriminoLeft,GameModel,344
shiftTrueMoveTetriminoLeft,GameModel,346
shiftTrueMoveTetriminoLeft,GameModel,347
shiftTrueMoveTetriminoLeft,GameModel,349
shiftTrueMoveTetriminoLeft,GameModel,350
shiftTrueMoveTetriminoLeft,GameModel,352
shiftTrueMoveTetriminoLeft,GameModel,355
shiftTrueMoveTetriminoLeft,GameModel,357
shiftTrueMoveTetriminoLeft,GameModel,364
shiftTrueMoveTetriminoLeft,GameModel,368
shiftTrueMoveTetriminoLeft,GameModel,369
shiftTrueMoveTetriminoLeft,GameModel,370
shiftTrueMoveTetriminoLeft,GameModel,372
shiftTrueMoveTetriminoLeft,GameModel,373
shiftTrueMoveTetriminoLeft,GameModel,381
shiftTrueMoveTetriminoLeft,GameModel,382
shiftTrueMoveTetriminoLeft,GameModel,385
shiftTrueMoveTetriminoLeft,GameModel,388
shiftTrueMoveTetriminoLeft,GameModel,389
shiftTrueMoveTetriminoLeft,GameModel,391
shiftTrueMoveTetriminoLeft,GameModel,392
shiftTrueMoveTetriminoLeft,GameModel,395
shiftTrueMoveTetriminoLeft,GameModel,411
shiftTrueMoveTetriminoLeft,GameModel,433
shiftTrueMoveTetriminoLeft,GameModel,436
shiftTrueMoveTetriminoLeft,GameModel,440
shiftTrueMoveTetriminoLeft,GameModel,458
shiftTrueMoveTetriminoLeft,GameModel,461
shiftTrueMoveTetriminoLeft,GameModel,463
shiftTrueMoveTetriminoLeft,GameModel,465
shiftTrueMoveTetriminoLeft,GameModel,474
shiftTrueMoveTetriminoLeft,GameModel,477
shiftTrueMoveTetriminoLeft,GameModel,482
shiftTrueMoveTetriminoLeft,GameModel,483
shiftTrueMoveTetriminoLeft,GameModel,485
shiftTrueMoveTetriminoLeft,GameModel,486
shiftTrueMoveTetriminoLeft,GameModel,494
shiftTrueMoveTetriminoLeft,GameModel,496
shiftTrueMoveTetriminoLeft,GameModel,498
shiftTrueMoveTetriminoLeft,GameModel,503
shiftTrueMoveTetriminoLeft,GameModel,511
shiftTrueMoveTetriminoLeft,GameModel,513
shiftTrueMoveTetriminoLeft,GameModel,515
shiftTrueMoveTetriminoLeft,GameModel,517
shiftTrueMoveTetriminoLeft,GameModel,518
shiftTrueMoveTetriminoLeft,GameModel,519
shiftTrueMoveTetriminoLeft,GameModel,520
shiftTrueMoveTetriminoLeft,GameModel,525
shiftTrueMoveTetriminoLeft,GameModel,526
shiftTrueMoveTetriminoLeft,GameModel,544
shiftTrueMoveTetriminoLeft,GameModel,548
shiftTrueMoveTetriminoLeft,GameModel,556
shiftTrueMoveTetriminoLeft,GameModel,564
shiftTrueMoveTetriminoLeft,GameModel,566
shiftTrueMoveTetriminoLeft,GameModel,567
shiftTrueMoveTetriminoLeft,GameModel,569
shiftTrueMoveTetriminoLeft,GameModel,571
shiftTrueMoveTetriminoLeft,GameModel,574
shiftTrueMoveTetriminoLeft,GameModel,581
shiftTrueMoveTetriminoLeft,GameModel,582
shiftTrueMoveTetriminoLeft,GameModel,583
shiftTrueMoveTetriminoLeft,GameModel,584
shiftTrueMoveTetriminoLeft,GameModel,586
shiftTrueMoveTetriminoLeft,GameModel,587
shiftTrueMoveTetriminoLeft,GameModel,589
shiftTrueMoveTetriminoLeft,GameModel,591
shiftTrueMoveTetriminoLeft,GameModel,592
shiftTrueMoveTetriminoLeft,GameModel,593
shiftTrueMoveTetriminoLeft,GameModel,594
shiftTrueMoveTetriminoLeft,GameModel,595
shiftTrueMoveTetriminoLeft,GameModel,597
shiftTrueMoveTetriminoLeft,GameModel,599
shiftTrueMoveTetriminoLeft,GameModel,600
shiftTrueMoveTetriminoLeft,GameModel,606
shiftTrueMoveTetriminoLeft,GameModel,609
shiftTrueMoveTetriminoLeft,GameModel,618
shiftTrueMoveTetriminoLeft,GameModel,619
shiftTrueMoveTetriminoLeft,GameModel,621
shiftTrueMoveTetriminoLeft,GameModel,622
shiftTrueMoveTetriminoLeft,GameModel,623
shiftTrueMoveTetriminoLeft,GameModel,624
shiftTrueMoveTetriminoLeft,GameModel,626
shiftTrueMoveTetriminoLeft,GameModel,627
shiftTrueMoveTetriminoLeft,GameModel,628
shiftTrueMoveTetriminoLeft,GameModel,629
shiftTrueMoveTetriminoLeft,GameModel,634
shiftTrueMoveTetriminoLeft,GameModel,643
shiftTrueMoveTetriminoLeft,GameModel,644
shiftTrueMoveTetriminoLeft,GameModel,645
shiftTrueMoveTetriminoLeft,GameModel,646
shiftTrueMoveTetriminoLeft,GameModel,648
shiftTrueMoveTetriminoLeft,GameModel,649
shiftTrueMoveTetriminoLeft,GameModel,651
shiftTrueMoveTetriminoLeft,GameModel,652
shiftTrueMoveTetriminoLeft,GameModel,653
shiftTrueMoveTetriminoLeft,GameModel,654
shiftTrueMoveTetriminoLeft,GameModel,655
shiftTrueMoveTetriminoLeft,GameModel,657
shiftTrueMoveTetriminoLeft,GameModel,663
shiftTrueMoveTetriminoLeft,GameModel,673
shiftTrueMoveTetriminoLeft,GameModel,674
shiftTrueMoveTetriminoLeft,GameModel,675
shiftTrueMoveTetriminoLeft,GameModel,676
shiftTrueMoveTetriminoLeft,GameModel,678
shiftTrueMoveTetriminoLeft,GameModel,679
shiftTrueMoveTetriminoLeft,GameModel,681
shiftTrueMoveTetriminoLeft,GameModel,682
shiftTrueMoveTetriminoLeft,GameModel,683
shiftTrueMoveTetriminoLeft,GameModel,684
shiftTrueMoveTetriminoLeft,GameModel,685
shiftTrueMoveTetriminoLeft,GameModel,687
shiftTrueMoveTetriminoLeft,GameModel,688
shiftTrueMoveTetriminoLeft,GameModel,689
shiftTrueMoveTetriminoLeft,GameModel,695
