swappedTetriminoWillComeBack,ColorTintFilter,15
swappedTetriminoWillComeBack,ColorTintFilter,16
swappedTetriminoWillComeBack,ColorTintFilter,17
swappedTetriminoWillComeBack,ColorTintFilter,18
swappedTetriminoWillComeBack,ColorTintFilter,25
swappedTetriminoWillComeBack,ColorTintFilter,27
swappedTetriminoWillComeBack,ColorTintFilter,28
swappedTetriminoWillComeBack,ColorTintFilter,29
swappedTetriminoWillComeBack,ColorTintFilter,31
swappedTetriminoWillComeBack,ColorTintFilter,32
swappedTetriminoWillComeBack,ColorTintFilter,33
swappedTetriminoWillComeBack,ColorTintFilter,35
swappedTetriminoWillComeBack,ColorTintFilter,36
swappedTetriminoWillComeBack,ColorTintFilter,37
swappedTetriminoWillComeBack,ColorTintFilter,39
swappedTetriminoWillComeBack,ColorTintFilter,40
swappedTetriminoWillComeBack,ColorTintFilter,41
swappedTetriminoWillComeBack,ColorTintFilter,43
swappedTetriminoWillComeBack,ColorTintFilter,45
swappedTetriminoWillComeBack,ColorTintFilter,49
swappedTetriminoWillComeBack,Constants,20
swappedTetriminoWillComeBack,Constants,22
swappedTetriminoWillComeBack,Constants,23
swappedTetriminoWillComeBack,Constants,24
swappedTetriminoWillComeBack,Constants,25
swappedTetriminoWillComeBack,Constants,26
swappedTetriminoWillComeBack,Constants,27
swappedTetriminoWillComeBack,Constants,28
swappedTetriminoWillComeBack,Constants,30
swappedTetriminoWillComeBack,Constants,35
swappedTetriminoWillComeBack,Constants,37
swappedTetriminoWillComeBack,Constants,64
swappedTetriminoWillComeBack,Constants,83
swappedTetriminoWillComeBack,Constants,102
swappedTetriminoWillComeBack,Constants,121
swappedTetriminoWillComeBack,Constants,140
swappedTetriminoWillComeBack,Constants,159
swappedTetriminoWillComeBack,Constants,179
swappedTetriminoWillComeBack,Constants,184
swappedTetriminoWillComeBack,Constants,186
swappedTetriminoWillComeBack,Constants,193
swappedTetriminoWillComeBack,Constants,200
swappedTetriminoWillComeBack,Constants,207
swappedTetriminoWillComeBack,Constants,208
swappedTetriminoWillComeBack,Constants,209
swappedTetriminoWillComeBack,Constants,210
swappedTetriminoWillComeBack,Constants,211
swappedTetriminoWillComeBack,Constants,212
swappedTetriminoWillComeBack,Constants,213
swappedTetriminoWillComeBack,Constants,215
swappedTetriminoWillComeBack,Constants,221
swappedTetriminoWillComeBack,Constants,223
swappedTetriminoWillComeBack,Constants,226
swappedTetriminoWillComeBack,Constants,230
swappedTetriminoWillComeBack,Constants,232
swappedTetriminoWillComeBack,Constants,234
swappedTetriminoWillComeBack,Constants,235
swappedTetriminoWillComeBack,Constants,236
swappedTetriminoWillComeBack,Constants,238
swappedTetriminoWillComeBack,Constants,239
swappedTetriminoWillComeBack,Constants,240
swappedTetriminoWillComeBack,Constants,242
swappedTetriminoWillComeBack,Constants,243
swappedTetriminoWillComeBack,Constants,245
swappedTetriminoWillComeBack,Constants,250
swappedTetriminoWillComeBack,Constants,252
swappedTetriminoWillComeBack,Constants,253
swappedTetriminoWillComeBack,Constants,254
swappedTetriminoWillComeBack,Constants,255
swappedTetriminoWillComeBack,Constants,256
swappedTetriminoWillComeBack,Constants,258
swappedTetriminoWillComeBack,Constants,264
swappedTetriminoWillComeBack,Constants,265
swappedTetriminoWillComeBack,Constants,268
swappedTetriminoWillComeBack,Constants,272
swappedTetriminoWillComeBack,Constants,274
swappedTetriminoWillComeBack,Constants,275
swappedTetriminoWillComeBack,Constants,276
swappedTetriminoWillComeBack,Block,6
swappedTetriminoWillComeBack,Block,7
swappedTetriminoWillComeBack,Block,8
swappedTetriminoWillComeBack,Tetrimino,11
swappedTetriminoWillComeBack,Tetrimino,12
swappedTetriminoWillComeBack,Tetrimino,14
swappedTetriminoWillComeBack,Tetrimino,15
swappedTetriminoWillComeBack,Tetrimino,16
swappedTetriminoWillComeBack,Tetrimino,31
swappedTetriminoWillComeBack,Tetrimino,32
swappedTetriminoWillComeBack,Tetrimino,33
swappedTetriminoWillComeBack,Tetrimino,34
swappedTetriminoWillComeBack,Tetrimino,35
swappedTetriminoWillComeBack,Tetrimino,37
swappedTetriminoWillComeBack,Tetrimino,38
swappedTetriminoWillComeBack,Tetrimino,39
swappedTetriminoWillComeBack,Tetrimino,40
swappedTetriminoWillComeBack,Tetrimino,49
swappedTetriminoWillComeBack,Tetrimino,50
swappedTetriminoWillComeBack,Tetrimino,52
swappedTetriminoWillComeBack,Tetrimino,55
swappedTetriminoWillComeBack,Tetrimino,59
swappedTetriminoWillComeBack,Tetrimino,63
swappedTetriminoWillComeBack,Tetrimino,67
swappedTetriminoWillComeBack,Tetrimino,68
swappedTetriminoWillComeBack,Tetrimino,71
swappedTetriminoWillComeBack,Tetrimino,72
swappedTetriminoWillComeBack,Tetrimino,75
swappedTetriminoWillComeBack,Tetrimino,77
swappedTetriminoWillComeBack,Tetrimino,78
swappedTetriminoWillComeBack,Tetrimino,80
swappedTetriminoWillComeBack,GameModel,28
swappedTetriminoWillComeBack,GameModel,40
swappedTetriminoWillComeBack,GameModel,41
swappedTetriminoWillComeBack,GameModel,42
swappedTetriminoWillComeBack,GameModel,43
swappedTetriminoWillComeBack,GameModel,45
swappedTetriminoWillComeBack,GameModel,46
swappedTetriminoWillComeBack,GameModel,55
swappedTetriminoWillComeBack,GameModel,71
swappedTetriminoWillComeBack,GameModel,217
swappedTetriminoWillComeBack,GameModel,219
swappedTetriminoWillComeBack,GameModel,221
swappedTetriminoWillComeBack,GameModel,222
swappedTetriminoWillComeBack,GameModel,225
swappedTetriminoWillComeBack,GameModel,226
swappedTetriminoWillComeBack,GameModel,248
swappedTetriminoWillComeBack,GameModel,250
swappedTetriminoWillComeBack,GameModel,251
swappedTetriminoWillComeBack,GameModel,252
swappedTetriminoWillComeBack,GameModel,254
swappedTetriminoWillComeBack,GameModel,255
swappedTetriminoWillComeBack,GameModel,256
swappedTetriminoWillComeBack,GameModel,258
swappedTetriminoWillComeBack,GameModel,261
swappedTetriminoWillComeBack,GameModel,263
swappedTetriminoWillComeBack,GameModel,267
swappedTetriminoWillComeBack,GameModel,268
swappedTetriminoWillComeBack,GameModel,316
swappedTetriminoWillComeBack,GameModel,317
swappedTetriminoWillComeBack,GameModel,318
swappedTetriminoWillComeBack,GameModel,319
swappedTetriminoWillComeBack,GameModel,320
swappedTetriminoWillComeBack,GameModel,321
swappedTetriminoWillComeBack,GameModel,322
swappedTetriminoWillComeBack,GameModel,323
swappedTetriminoWillComeBack,GameModel,324
swappedTetriminoWillComeBack,GameModel,325
swappedTetriminoWillComeBack,GameModel,326
swappedTetriminoWillComeBack,GameModel,327
swappedTetriminoWillComeBack,GameModel,328
swappedTetriminoWillComeBack,GameModel,329
swappedTetriminoWillComeBack,GameModel,331
swappedTetriminoWillComeBack,GameModel,332
swappedTetriminoWillComeBack,GameModel,334
swappedTetriminoWillComeBack,GameModel,335
swappedTetriminoWillComeBack,GameModel,344
swappedTetriminoWillComeBack,GameModel,346
swappedTetriminoWillComeBack,GameModel,347
swappedTetriminoWillComeBack,GameModel,349
swappedTetriminoWillComeBack,GameModel,350
swappedTetriminoWillComeBack,GameModel,352
swappedTetriminoWillComeBack,GameModel,355
swappedTetriminoWillComeBack,GameModel,357
swappedTetriminoWillComeBack,GameModel,364
swappedTetriminoWillComeBack,GameModel,368
swappedTetriminoWillComeBack,GameModel,369
swappedTetriminoWillComeBack,GameModel,370
swappedTetriminoWillComeBack,GameModel,372
swappedTetriminoWillComeBack,GameModel,373
swappedTetriminoWillComeBack,GameModel,381
swappedTetriminoWillComeBack,GameModel,382
swappedTetriminoWillComeBack,GameModel,385
swappedTetriminoWillComeBack,GameModel,388
swappedTetriminoWillComeBack,GameModel,389
swappedTetriminoWillComeBack,GameModel,391
swappedTetriminoWillComeBack,GameModel,392
swappedTetriminoWillComeBack,GameModel,395
swappedTetriminoWillComeBack,GameModel,411
swappedTetriminoWillComeBack,GameModel,433
swappedTetriminoWillComeBack,GameModel,436
swappedTetriminoWillComeBack,GameModel,440
swappedTetriminoWillComeBack,GameModel,458
swappedTetriminoWillComeBack,GameModel,461
swappedTetriminoWillComeBack,GameModel,463
swappedTetriminoWillComeBack,GameModel,465
swappedTetriminoWillComeBack,GameModel,474
swappedTetriminoWillComeBack,GameModel,477
swappedTetriminoWillComeBack,GameModel,482
swappedTetriminoWillComeBack,GameModel,483
swappedTetriminoWillComeBack,GameModel,485
swappedTetriminoWillComeBack,GameModel,486
swappedTetriminoWillComeBack,GameModel,511
swappedTetriminoWillComeBack,GameModel,513
swappedTetriminoWillComeBack,GameModel,515
swappedTetriminoWillComeBack,GameModel,517
swappedTetriminoWillComeBack,GameModel,518
swappedTetriminoWillComeBack,GameModel,519
swappedTetriminoWillComeBack,GameModel,520
swappedTetriminoWillComeBack,GameModel,525
swappedTetriminoWillComeBack,GameModel,526
swappedTetriminoWillComeBack,GameModel,544
swappedTetriminoWillComeBack,GameModel,548
swappedTetriminoWillComeBack,GameModel,556
swappedTetriminoWillComeBack,GameModel,564
swappedTetriminoWillComeBack,GameModel,566
swappedTetriminoWillComeBack,GameModel,567
swappedTetriminoWillComeBack,GameModel,569
swappedTetriminoWillComeBack,GameModel,571
swappedTetriminoWillComeBack,GameModel,574
swappedTetriminoWillComeBack,GameModel,581
swappedTetriminoWillComeBack,GameModel,582
swappedTetriminoWillComeBack,GameModel,583
swappedTetriminoWillComeBack,GameModel,584
swappedTetriminoWillComeBack,GameModel,586
swappedTetriminoWillComeBack,GameModel,587
swappedTetriminoWillComeBack,GameModel,589
swappedTetriminoWillComeBack,GameModel,591
swappedTetriminoWillComeBack,GameModel,592
swappedTetriminoWillComeBack,GameModel,593
swappedTetriminoWillComeBack,GameModel,594
swappedTetriminoWillComeBack,GameModel,595
swappedTetriminoWillComeBack,GameModel,597
swappedTetriminoWillComeBack,GameModel,599
swappedTetriminoWillComeBack,GameModel,600
swappedTetriminoWillComeBack,GameModel,606
swappedTetriminoWillComeBack,GameModel,609
swappedTetriminoWillComeBack,GameModel,618
swappedTetriminoWillComeBack,GameModel,619
swappedTetriminoWillComeBack,GameModel,621
swappedTetriminoWillComeBack,GameModel,622
swappedTetriminoWillComeBack,GameModel,623
swappedTetriminoWillComeBack,GameModel,624
swappedTetriminoWillComeBack,GameModel,626
swappedTetriminoWillComeBack,GameModel,627
swappedTetriminoWillComeBack,GameModel,628
swappedTetriminoWillComeBack,GameModel,629
swappedTetriminoWillComeBack,GameModel,634
swappedTetriminoWillComeBack,GameModel,643
swappedTetriminoWillComeBack,GameModel,644
swappedTetriminoWillComeBack,GameModel,645
swappedTetriminoWillComeBack,GameModel,646
swappedTetriminoWillComeBack,GameModel,648
swappedTetriminoWillComeBack,GameModel,649
swappedTetriminoWillComeBack,GameModel,651
swappedTetriminoWillComeBack,GameModel,652
swappedTetriminoWillComeBack,GameModel,653
swappedTetriminoWillComeBack,GameModel,654
swappedTetriminoWillComeBack,GameModel,655
swappedTetriminoWillComeBack,GameModel,657
swappedTetriminoWillComeBack,GameModel,663
swappedTetriminoWillComeBack,GameModel,673
swappedTetriminoWillComeBack,GameModel,674
swappedTetriminoWillComeBack,GameModel,675
swappedTetriminoWillComeBack,GameModel,676
swappedTetriminoWillComeBack,GameModel,678
swappedTetriminoWillComeBack,GameModel,679
swappedTetriminoWillComeBack,GameModel,681
swappedTetriminoWillComeBack,GameModel,682
swappedTetriminoWillComeBack,GameModel,683
swappedTetriminoWillComeBack,GameModel,684
swappedTetriminoWillComeBack,GameModel,685
swappedTetriminoWillComeBack,GameModel,687
swappedTetriminoWillComeBack,GameModel,688
swappedTetriminoWillComeBack,GameModel,689
swappedTetriminoWillComeBack,GameModel,695
